{
    // Use IntelliSense to learn about possible attributes.
    // Hover to view descriptions of existing attributes.
    // For more information, visit: https://go.microsoft.com/fwlink/?linkid=830387
    "version": "0.2.0",
    "configurations": [
        {
            "name": "onkar_project",
            "cwd": "onkar_project",
            "request": "launch",
            "type": "dart"
        },
        {
            "name": "onkar_project (profile mode)",
            "cwd": "onkar_project",
            "request": "launch",
            "type": "dart",
            "flutterMode": "profile"
        },
        {
            "name": "onkar_project (release mode)",
            "cwd": "onkar_project",
            "request": "launch",
            "type": "dart",
            "flutterMode": "release"
        }
    ]
}